First Name,Last Name,Email,Phone,Occupation,IP_ADDRESS
Tony,Reed,tony.reed@randatmail.com,990-788-3109,Electrician,124.56.176.35
Vanessa,Hawkins,v.hawkins@randatmail.com,219-571-0235,Social Worker,90.22.105.47
Eleanor,Anderson,e.anderson@randatmail.com,584-199-3924,Teacher,122.112.123.171
Maya,Mitchell,m.mitchell@randatmail.com,145-281-1156,Programmer,206.38.233.227
Melissa,Riley,m.riley@randatmail.com,(274)-764-0265,Interior Designer,137.252.6.22
Sofia,Richards,s.richards@randatmail.com,136-202-9861,Mathematician,229.194.40.223
Maya,Holmes,m.holmes@randatmail.com,617-127-2752,Cook,232.214.86.41
Melanie,Murphy,m.murphy@outlook.com,6236136485,Driver,98.22.71.90
Gianna,Allen,g.allen@randatmail.com,732-327-0765,Physicist,84.51.154.29
Cadie,Kelley,c.kelley@randatmail.com,873-980-1152,Interpreter,174.186.65.94
Wilson,Johnston,w.johnston@randatmail.com,585-624-6547,Lawer,160.43.117.141
Eddy,Bailey,e.bailey@randatmail.com,216-883-1869,Cook,8.110.6.169
Myra,Dixon,m.dixon@randatmail.com,885-085-4183,Dancer,62.181.120.61
Elise,Mason,e.mason@randatmail.com,859-782-7705,Scientist,180.160.105.174
Oscar,Wright,o.wright@randatmail.com,176-643-0467,Driver,124.125.52.4
Lana,Thomas,l.thomas@randatmail.com,(803) 097-8506,Chef,101.56.108.80
Clark,Wright,c.wright@outlook.com,511-617-4034,Mathematician,154.155.237.103
Bruce,Hamilton,b.hamilton@hamiltonco.org,144-713-9625,Photographer,167.219.252.18
Oliver,Williams,,210-702-2551,Florist,106.7.15.18
Alissa,Gibson,a.gibson@randatmail.com,929-115-6383,Journalist,229.252.130.210
Maya,Williams,m.williams@protomail.com,586-229-2941,Veterinarian,232.69.184.90
Kate,Casey,k.casey@randatmail.com,498-607-7405,Singer,250.152.229.23
Kate,Cameron,k.cameron@randatmail.com,496-363-3460,Agronomist,6.248.26.89
Natalie,Holmes,n.holmes@randatmail.com,359-395-67635,Aeroplane Pilot,52.248.52.87
Owen,Andrews,o.andrews@randatmail.com,802-981-9045,Meteorologist,239.1.6.42
Tess,Morris,t.morris@randatmail.com,388-484-7766,Historian,156.218.179.234
Maria,Fowler,m.fowler@gmail.com,236-45-9135,Archeologist,183.213.33.49
Catherine,Andrews,c.andrews@randatmail.com,869-530-9746,Producer,200.80008.94.7002
Aldus,Ellis,a.ellis@randatmail.com,895-550-7674,Carpenter,92.251.80.108
Adelaide,Farrell,a.farrell@randatmail.com,27-114-9352,Composer,232.99.127.47
Richard,Barrett,r.barrett@randatmail.com,945-378-1710,Hairdresser,25.101.11.21
Maya,Thomas,m.thomas@randatmail.com,546-254-7930,Lecturer,199.31.191.121
Edith,Brooks,e.brooks@randatmail.com,971-765-5942,Pharmacist,80.226.218.240
Lucy,Payne,l.payne@randatmail.com,198-938-2968,Florist,230.109.155.123
Leonardo,Mitchell,l.mitchell@randatmail.com,670-918-8668,Lawer,85.135.33.158
Myra,Parker,m.parker@randatmail.com,823-461-9936,Singer,128.53.209.53
Lily,Robinson,l.robinson@,458-564-1023,Actor,70.189.66.201
Carlos,Barrett,c.barrett@randatmail.com,213-639-8827,Fashion Designer,198.227.103.253
Kristian,Hawkins,k.hawkins@gmail.com,930-229-6062,Pharmacist,115.202.151.124
Madaline,Higgins,m.higgins@randatmail.com,304-020-0448,Producer,205.155.205.140
Walter,Miller,w.miller@randatmail.com,361-049-2551,Agronomist,73.18.237.187
Ryan,Mitchell,r.mitchell@randatmail.com,473-957-7523,Electrician,230.202.164.21
Alberta,Mason,a.mason@randatmail.com,198-389-4936,Physicist,216.192.215.244
Oscar,Thomas,o.thomas@randatmail.com,(439)-441-8962,Florist,185.10.159.89
Briony,Sullivan,b.sullivan@randatmail.com,603-132-0708,Electrician,215.157.224.14
Tara,Murray,t.murray@gmail.com,813-390-4005,Fashion Designer,78.127.6.51
Kate,Ferguson,k.ferguson@randatmail.com,527-201-4914,Interpreter,110.53.69.30
Jared,Montgomery,j.montgomery@randatmail.com,513-900-3610,Mechanic,181.89.79.187
Amelia,Higgins,a.higgins@gmail.com,436-063-4054,Salesman,198.251.172.89
Violet,Carter,v.carter@randatmail.com,752-027-2603,Photographer,170.35.199.4
